Claim Number,Policy Number,Date of Loss,Date Reported,Claim Status,Cause of Loss,Paid This Month,Paid To Date,Reserve Movement,Outstanding Reserve,Currency
CLM-A-00001,TRV-A-000099,30/07/2026,30/07/2026,Open,Trip cancellation,0.00,0.00,3260.00,3260.00,GBP
CLM-A-00002,TRV-A-000098,29/07/2026,29/07/2026,Open,Personal accident,72.00,72.00,530.00,458.00,GBP
CLM-A-00003,TRV-A-000052,29/07/2026,30/07/2026,Open,Personal liability,1061.00,1061.00,5360.00,4299.00,GBP
CLM-A-00004,TRV-A-000030,29/07/2026,30/07/2026,Open,Missed departure,0.00,0.00,340.00,340.00,GBP
CLM-A-00005,TRV-A-000018,09/07/2026,09/07/2026,Open,Personal accident,0.00,0.00,1410.00,1410.00,GBP
CLM-A-00031,TRV-A-000010,21/07/2026,21/07/2026,Closed,Missed departure,8000.00,8000.00,8000.00,0.00,GBP
CLM-A-00006,TRV-A-000103,30/07/2026,31/07/2026,Open,Repatriation,679.00,679.00,1930.00,1251.00,GBP
CLM-A-00007,TRV-A-000048,26/07/2026,29/07/2026,Open,Medical expenses,148.00,148.00,660.00,512.00,GBP
CLM-A-00008,TRV-A-000137,09/07/2026,13/07/2026,Open,Personal accident,0.00,0.00,1080.00,1080.00,GBP
CLM-A-00030,TRV-A-000061,25/07/2026,27/07/2026,Open,Baggage loss,134.00,134.00,950.00,816.00,GBP
CLM-A-00009,TRV-A-000108,24/07/2026,27/07/2026,Closed,Trip cancellation,2050.00,2050.00,2050.00,0.00,GBP
CLM-A-00008,TRV-A-000137,09/07/2026,13/07/2026,Open,Personal accident,0.00,0.00,1080.00,1080.00,GBP
CLM-A-00010,TRV-A-000040,24/07/2026,25/07/2026,Open,Personal accident,1609.00,1609.00,3300.00,1691.00,GBP
CLM-A-00011,TRV-A-000067,23/07/2026,29/07/2026,Open,Medical expenses,0.00,0.00,1470.00,1470.00,GBP
CLM-A-00012,TRV-A-000034,23/07/2026,24/07/2026,Open,Personal accident,0.00,0.00,5070.00,5070.00,GBP
CLM-A-00013,TRV-A-000015,21/07/2026,26/07/2026,Open,Repatriation,0.00,0.00,1330.00,1330.00,GBP
CLM-A-00014,TRV-A-000008,29/07/2026,30/07/2026,Closed,Missed departure,7210.00,7210.00,7210.00,0.00,GBP
CLM-A-00029,TRV-A-996913,19/07/2026,25/07/2026,Open,Repatriation,0.00,0.00,1050.00,1050.00,GBP
