Policy Number,Insured Name,Start Date,End Date,Product,Destination,Sum Insured,Gross Premium,Currency
TRV-A-000001,Siobhan Murphy,12/07/2026,08/10/2026,2 way Comprehensive Plan,CHINA,25000.00,93.00,GBP
TRV-A-000002,Noah Adeyemi,08/07/2026,12/10/2026,Cancellation Plan,SINGAPORE,7500.00,11.00,GBP
TRV-A-000003,Mia Singh,08/07/2026,14/07/2026,2 way Comprehensive Plan,"TAIWAN, PROVINCE OF CHINA",25000.00,38.00,GBP
TRV-A-000004,Ava Johnson,30/07/2026,05/08/2026,2 way Comprehensive Plan,PHILIPPINES,25000.00,27.00,GBP
TRV-A-000005,Tomasz Murphy,24/07/2026,04/08/2026,Cancellation Plan,HONG KONG,7500.00,69.00,GBP
TRV-A-000006,Chloe Davies,29/07/2026,01/10/2026,Cancellation Plan,THAILAND,7500.00,19.00,GBP
TRV-A-000007,Sophia Adeyemi,23/07/2026,11/09/2026,2 way Comprehensive Plan,"KOREA, REPUBLIC OF",25000.00,60.00,GBP
TRV-A-000008,Freya Singh,22/07/2026,30/07/2026,2 way Comprehensive Plan,CHINA,25000.00,56.00,GBP
TRV-A-000009,Leo Smith,03/07/2026,12/07/2026,Cancellation Plan,SINGAPORE,7500.00,15.00,GBP
TRV-A-000010,Sophia Jones,20/07/2026,12/09/2026,Cancellation Plan,UNITED KINGDOM,7500.00,80.00,GBP
TRV-A-000011,Leo Murphy,04/07/2026,08/07/2026,2 way Comprehensive Plan,CHINA,25000.00,50.00,GBP
TRV-A-000012,Oliver Green,28/07/2026,29/07/2026,Cancellation Plan,BERMUDA,7500.00,80.00,GBP
TRV-A-000013,Siobhan Robinson,31/07/2026,14/10/2026,Cancellation Plan,FRANCE,7500.00,128.00,GBP
TRV-A-000014,Jack Williams,13/07/2026,23/08/2026,2 way Comprehensive Plan,CHINA,25000.00,22.00,GBP
TRV-A-000015,Lily Green,15/07/2026,22/07/2026,Cancellation Plan,THAILAND,7500.00,25.00,GBP
TRV-A-000016,Priya Nowak,10/07/2026,28/08/2026,1 way Comprehensive Plan,CAMBODIA,25000.00,22.00,GBP
TRV-A-000017,Jack Thompson,07/07/2026,25/08/2026,1 way Comprehensive Plan,UNITED STATES,25000.00,110.00,GBP
TRV-A-000018,Freya Walker,05/07/2026,21/12/2026,Cancellation Plan,JAPAN,7500.00,40.00,GBP
TRV-A-000019,Mia Hall,28/07/2026,07/08/2026,Cancellation Plan,INDIA,7500.00,19.00,GBP
TRV-A-000020,Ella Thompson,17/07/2026,22/07/2026,Cancellation Plan,BRAZIL,7500.00,21.00,GBP
TRV-A-000021,Siobhan Patel,17/07/2026,15/08/2026,2 way Comprehensive Plan,PHILIPPINES,25000.00,36.00,GBP
TRV-A-000022,Ella Wright,11/07/2026,15/11/2026,Cancellation Plan,JAPAN,7500.00,60.00,GBP
TRV-A-000023,Oscar Brown,26/07/2026,31/08/2026,2 way Comprehensive Plan,ISRAEL,25000.00,77.00,GBP
TRV-A-000024,Arthur Jones,11/07/2026,26/07/2026,Cancellation Plan,SINGAPORE,7500.00,80.00,GBP
TRV-A-000025,Aisha Williams,30/07/2026,27/08/2026,2 way Comprehensive Plan,CHINA,25000.00,27.00,GBP
TRV-A-000026,Freya White,22/07/2026,07/08/2026,Cancellation Plan,INDONESIA,7500.00,31.00,GBP
TRV-A-000027,Theo Singh,22/07/2026,24/08/2026,Cancellation Plan,UNITED STATES,7500.00,32.00,GBP
TRV-A-000028,Priya Okafor,03/07/2026,10/07/2026,2 way Comprehensive Plan,MALAYSIA,25000.00,20.00,GBP
TRV-A-000029,Grace Green,07/07/2026,08/07/2026,Cancellation Plan,SINGAPORE,7500.00,10.00,GBP
TRV-A-000030,Isla Lewis,29/07/2026,25/08/2026,Cancellation Plan,SWITZERLAND,7500.00,49.00,GBP
TRV-A-000031,Arthur Wright,31/07/2026,04/09/2026,2 way Comprehensive Plan,CHINA,25000.00,21.00,GBP
TRV-A-000032,Siobhan Smith,20/07/2026,31/07/2026,2 way Comprehensive Plan,THAILAND,25000.00,20.00,GBP
TRV-A-000033,Grace Lewis,15/07/2026,28/07/2026,2 way Comprehensive Plan,MALAYSIA,25000.00,25.00,GBP
TRV-A-000034,Tomasz Roberts,01/07/2026,22/08/2026,2 way Comprehensive Plan,JAPAN,25000.00,99.00,GBP
TRV-A-000035,Priya Williams,11/07/2026,20/08/2026,2 way Comprehensive Plan,"TAIWAN, PROVINCE OF CHINA",25000.00,26.00,GBP
TRV-A-000036,Theo Murphy,21/07/2026,05/08/2026,Cancellation Plan,ITALY,7500.00,53.00,GBP
TRV-A-000037,Tomasz Robinson,21/07/2026,13/10/2026,2 way Comprehensive Plan,PHILIPPINES,25000.00,20.00,GBP
TRV-A-000038,Grace Walker,30/07/2026,04/08/2026,Cancellation Plan,THAILAND,7500.00,48.00,GBP
TRV-A-000039,Freya Singh,16/07/2026,01/03/2027,2 way Comprehensive Plan,CHINA,25000.00,50.00,GBP
TRV-A-000040,Aisha Wilson,07/07/2026,18/10/2026,2 way Comprehensive Plan,RUSSIAN FEDERATION,25000.00,112.00,GBP
TRV-A-000041,Chinedu Evans,16/07/2026,08/08/2026,Cancellation Plan,SINGAPORE,7500.00,11.00,GBP
TRV-A-000042,Arthur Taylor,11/07/2026,12/07/2026,1 way Comprehensive Plan,CHINA,25000.00,46.00,GBP
TRV-A-000043,George Williams,25/07/2026,25/09/2026,Cancellation Plan,UNITED KINGDOM,7500.00,69.00,GBP
TRV-A-000044,Muhammad Davies,05/07/2026,29/08/2026,Cancellation Plan,INDIA,7500.00,17.00,GBP
TRV-A-000045,Priya Davies,25/07/2026,31/07/2026,Cancellation Plan,SINGAPORE,7500.00,10.00,GBP
TRV-A-000046,Siobhan Okafor,13/07/2026,15/02/2027,Cancellation Plan,SINGAPORE,7500.00,10.00,GBP
TRV-A-000047,Noah Lewis,05/07/2026,06/08/2026,2 way Comprehensive Plan,JAPAN,25000.00,30.00,GBP
TRV-A-000048,Arthur Lewis,24/07/2026,06/03/2027,2 way Comprehensive Plan,INDONESIA,25000.00,20.00,GBP
TRV-A-000049,Muhammad Wilson,15/07/2026,10/09/2026,2 way Comprehensive Plan,UNITED KINGDOM,25000.00,90.00,GBP
TRV-A-000050,Jack Green,21/07/2026,06/09/2026,Cancellation Plan,UNITED KINGDOM,7500.00,26.00,GBP
TRV-A-000051,Lily Murphy,17/07/2026,16/09/2026,2 way Comprehensive Plan,LAO PEOPLE'S DEMOCRATIC REPUBLIC,25000.00,34.00,GBP
TRV-A-000052,Freya Singh,26/07/2026,30/12/2026,2 way Comprehensive Plan,NEPAL,25000.00,36.00,GBP
TRV-A-000053,George Roberts,27/07/2026,28/08/2026,Cancellation Plan,UNITED STATES,7500.00,11.00,GBP
TRV-A-000054,Lily Robinson,29/07/2026,09/09/2026,Cancellation Plan,LAO PEOPLE'S DEMOCRATIC REPUBLIC,7500.00,11.00,GBP
TRV-A-000055,Priya Robinson,13/07/2026,28/07/2026,2 way Comprehensive Plan,AUSTRALIA,25000.00,56.00,GBP
TRV-A-000056,Sophia White,19/07/2026,29/07/2026,Cancellation Plan,JAPAN,7500.00,46.00,GBP
TRV-A-000057,Isla Taylor,01/07/2026,08/07/2026,Cancellation Plan,VIET NAM,7500.00,10.00,GBP
TRV-A-000058,Mia Wilson,03/07/2026,17/07/2026,2 way Comprehensive Plan,MALAYSIA,25000.00,20.00,GBP
TRV-A-000059,Leo Green,03/07/2026,13/07/2026,2 way Comprehensive Plan,CHINA,25000.00,41.00,GBP
TRV-A-000060,Wei Green,10/07/2026,16/08/2026,2 way Comprehensive Plan,CHINA,25000.00,39.00,GBP
TRV-A-000061,Aisha Patel,28/07/2026,21/09/2026,Cancellation Plan,CANADA,7500.00,12.00,GBP
TRV-A-000062,Siobhan Lewis,27/07/2026,05/11/2026,Cancellation Plan,SINGAPORE,7500.00,10.00,GBP
TRV-A-000063,Chinedu Williams,20/07/2026,11/12/2026,Cancellation Plan,PHILIPPINES,7500.00,13.00,GBP
TRV-A-000064,Oscar Green,18/07/2026,19/07/2026,Cancellation Plan,MALAYSIA,7500.00,20.00,GBP
TRV-A-000065,Lily Green,21/07/2026,10/08/2026,2 way Comprehensive Plan,HONG KONG,25000.00,30.00,GBP
TRV-A-000066,Jack Nowak,16/07/2026,11/09/2026,2 way Comprehensive Plan,THAILAND,25000.00,81.00,GBP
,Muhammad Brown,29/07/2026,08/08/2026,2 way Comprehensive Plan,AUSTRALIA,25000.00,42.00,GBP
TRV-A-000067,Amelia Taylor,23/07/2026,05/09/2026,Cancellation Plan,HONG KONG,7500.00,26.00,GBP
TRV-A-000068,Priya Khan,22/07/2026,15/08/2026,2 way Comprehensive Plan,HONG KONG,25000.00,29.00,GBP
TRV-A-000069,Amelia Chen,03/07/2026,12/09/2026,Cancellation Plan,INDONESIA,7500.00,11.00,GBP
TRV-A-000070,Oscar Okafor,21/07/2026,30/07/2026,2 way Comprehensive Plan,THAILAND,25000.00,34.00,GBP
TRV-A-000071,Arthur Brown,31/07/2026,03/08/2026,2 way Comprehensive Plan,MACAO,25000.00,28.00,GBP
TRV-A-000072,Priya White,29/07/2026,18/08/2026,Cancellation Plan,UNITED STATES,7500.00,19.00,GBP
TRV-A-000073,Jack Singh,05/07/2026,08/07/2026,1 way Comprehensive Plan,"TAIWAN, PROVINCE OF CHINA",25000.00,75.00,GBP
TRV-A-000074,Ava White,18/07/2026,07/08/2026,1 way Comprehensive Plan,UNITED STATES,25000.00,21.00,GBP
TRV-A-000075,Mia Singh,02/07/2026,11/07/2026,Cancellation Plan,INDIA,7500.00,80.00,GBP
TRV-A-000076,Mia Taylor,23/07/2026,27/12/2026,2 way Comprehensive Plan,MALAYSIA,25000.00,20.00,GBP
TRV-A-000077,Tomasz Walker,08/07/2026,15/08/2026,Cancellation Plan,MOROCCO,7500.00,14.00,GBP
TRV-A-000078,Aisha Williams,22/07/2026,05/08/2026,Cancellation Plan,AUSTRALIA,7500.00,12.00,GBP
TRV-A-000079,Siobhan Patel,03/07/2026,21/07/2026,Cancellation Plan,CHINA,7500.00,42.00,GBP
TRV-A-000080,Priya Hall,27/07/2026,23/10/2026,2 way Comprehensive Plan,CHINA,25000.00,35.00,GBP
TRV-A-000081,Priya Johnson,10/07/2026,15/08/2026,Cancellation Plan,AUSTRALIA,7500.00,37.00,GBP
TRV-A-000082,Isla Green,27/07/2026,08/08/2026,Cancellation Plan,CHINA,7500.00,13.00,GBP
TRV-A-000083,Priya Thompson,20/07/2026,08/08/2026,Cancellation Plan,INDONESIA,7500.00,10.00,GBP
TRV-A-000084,Lily Hall,14/07/2026,20/07/2026,Cancellation Plan,THAILAND,7500.00,10.00,GBP
TRV-A-000085,Priya Okafor,29/07/2026,29/07/2026,Cancellation Plan,CHINA,7500.00,19.00,GBP
TRV-A-000086,Isla Johnson,17/07/2026,30/07/2026,Cancellation Plan,CHINA,7500.00,22.00,GBP
TRV-A-000087,Lily Murphy,30/07/2026,06/10/2026,Cancellation Plan,SINGAPORE,7500.00,21.00,GBP
TRV-A-000088,Jack White,07/07/2026,27/07/2026,2 way Comprehensive Plan,CHINA,25000.00,56.00,GBP
TRV-A-000089,Jack Singh,03/07/2026,07/10/2026,Cancellation Plan,THAILAND,7500.00,13.00,GBP
TRV-A-000090,Oliver Taylor,21/07/2026,24/08/2026,Cancellation Plan,MALAYSIA,7500.00,10.00,GBP
TRV-A-000091,Sophia Wilson,14/07/2026,22/07/2026,2 way Comprehensive Plan,CHINA,25000.00,54.00,GBP
TRV-A-000092,Lily Robinson,13/07/2026,12/12/2026,Cancellation Plan,INDONESIA,7500.00,16.00,GBP
TRV-A-000093,Sophia Green,09/07/2026,08/03/2027,Cancellation Plan,UNITED STATES,7500.00,53.00,GBP
TRV-A-000094,Mia Roberts,23/07/2026,22/08/2026,Cancellation Plan,INDIA,7500.00,21.00,GBP
TRV-A-000095,Ella Davies,25/07/2026,02/08/2026,2 way Comprehensive Plan,MALAYSIA,25000.00,20.00,GBP
TRV-A-000096,Jack Davies,24/07/2026,29/07/2026,2 way Comprehensive Plan,HONG KONG,25000.00,26.00,GBP
TRV-A-000097,Mia Lewis,23/07/2026,09/08/2026,Cancellation Plan,CHINA,7500.00,34.00,GBP
TRV-A-000098,Harry Walker,25/07/2026,10/10/2026,Cancellation Plan,JAPAN,7500.00,40.00,GBP
TRV-A-000099,Aisha White,25/07/2026,08/09/2026,2 way Comprehensive Plan,SINGAPORE,25000.00,43.00,GBP
TRV-A-000100,Tomasz Brown,31/07/2026,08/09/2026,Cancellation Plan,INDONESIA,7500.00,32.00,GBP
TRV-A-000101,Ava Murphy,04/07/2026,08/07/2026,1 way Comprehensive Plan,AUSTRALIA,25000.00,112.00,GBP
TRV-A-000019,Mia Hall,28/07/2026,07/08/2026,Cancellation Plan,INDIA,7500.00,24.00,GBP
TRV-A-000102,Ella Brown,28/07/2026,10/08/2026,Cancellation Plan,VIET NAM,7500.00,11.00,GBP
TRV-A-000103,Oscar Taylor,13/07/2026,15/04/2027,Cancellation Plan,CANADA,7500.00,80.00,GBP
TRV-A-000104,Chloe Walker,11/07/2026,28/07/2026,Cancellation Plan,MALAYSIA,7500.00,10.00,GBP
TRV-A-000105,Jack Singh,14/07/2026,06/10/2026,2 way Comprehensive Plan,INDONESIA,25000.00,20.00,GBP
TRV-A-000106,Amelia Nowak,17/07/2026,24/07/2026,Cancellation Plan,THAILAND,7500.00,10.00,GBP
TRV-A-000107,Grace Brown,27/07/2026,28/07/2026,1 way Comprehensive Plan,SINGAPORE,25000.00,29.00,GBP
TRV-A-000108,Noah Johnson,23/07/2026,09/05/2027,2 way Comprehensive Plan,PHILIPPINES,25000.00,26.00,GBP
TRV-A-000109,Ella Brown,07/07/2026,21/09/2026,Cancellation Plan,JAPAN,7500.00,20.00,GBP
TRV-A-000110,Freya Roberts,16/07/2026,09/08/2026,2 way Comprehensive Plan,SINGAPORE,25000.00,39.00,GBP
TRV-A-000111,Amelia Smith,19/07/2026,12/08/2026,Cancellation Plan,POLAND,7500.00,34.00,GBP
TRV-A-000112,Lily Roberts,04/07/2026,08/07/2026,Cancellation Plan,SINGAPORE,7500.00,10.00,GBP
TRV-A-000113,Chloe Wright,02/07/2026,18/07/2026,Cancellation Plan,HUNGARY,7500.00,80.00,GBP
TRV-A-000114,Arthur Khan,08/07/2026,13/11/2026,Cancellation Plan,INDONESIA,7500.00,13.00,GBP
TRV-A-000115,Theo White,07/07/2026,16/07/2026,2 way Comprehensive Plan,SRI LANKA,25000.00,24.00,GBP
TRV-A-000116,Grace Taylor,18/07/2026,06/09/2026,2 way Comprehensive Plan,PHILIPPINES,25000.00,28.00,GBP
TRV-A-000117,Isla Davies,23/07/2026,24/07/2026,Cancellation Plan,MALAYSIA,7500.00,10.00,GBP
TRV-A-000302,Mia Singh,31/02/2026,14/07/2026,2 way Comprehensive Plan,"TAIWAN, PROVINCE OF CHINA",25000.00,38.00,GBP
TRV-A-000118,Tomasz Johnson,19/07/2026,01/08/2026,Cancellation Plan,THAILAND,7500.00,27.00,GBP
TRV-A-000119,Siobhan Davies,31/07/2026,07/03/2027,Cancellation Plan,UNITED KINGDOM,7500.00,80.00,GBP
TRV-A-000120,Muhammad Davies,03/07/2026,18/07/2026,2 way Comprehensive Plan,VIET NAM,25000.00,40.00,GBP
TRV-A-000121,Harry Wright,07/07/2026,16/07/2026,1 way Comprehensive Plan,THAILAND,25000.00,20.00,GBP
TRV-A-000122,George Brown,03/07/2026,22/07/2026,Cancellation Plan,SINGAPORE,7500.00,17.00,GBP
TRV-A-000123,Theo Patel,17/07/2026,17/09/2026,2 way Comprehensive Plan,THAILAND,25000.00,29.00,GBP
TRV-A-000124,Oliver Smith,22/07/2026,29/08/2026,Cancellation Plan,UNITED STATES,7500.00,62.00,GBP
TRV-A-000125,Aisha Green,18/07/2026,29/12/2026,Cancellation Plan,SINGAPORE,7500.00,24.00,GBP
TRV-A-000126,Oliver Robinson,26/07/2026,28/09/2026,Cancellation Plan,HONG KONG,7500.00,15.00,GBP
TRV-A-000127,Wei Taylor,22/07/2026,13/08/2026,Cancellation Plan,CHINA,7500.00,44.00,GBP
TRV-A-000128,Harry Wilson,31/07/2026,24/12/2026,Cancellation Plan,CHINA,7500.00,14.00,GBP
TRV-A-000129,Ava Hall,03/07/2026,05/07/2026,2 way Comprehensive Plan,MALAYSIA,25000.00,20.00,GBP
TRV-A-000130,Tomasz Davies,29/07/2026,04/08/2026,Cancellation Plan,MALAYSIA,7500.00,12.00,GBP
TRV-A-000131,Noah Khan,09/07/2026,04/08/2026,2 way Comprehensive Plan,SINGAPORE,25000.00,43.00,GBP
TRV-A-000132,Grace Evans,19/07/2026,27/07/2026,Cancellation Plan,INDONESIA,7500.00,10.00,GBP
TRV-A-000133,Arthur Jones,06/07/2026,29/08/2026,2 way Comprehensive Plan,THAILAND,25000.00,20.00,GBP
TRV-A-000134,Theo Singh,08/07/2026,29/08/2026,2 way Comprehensive Plan,THAILAND,25000.00,54.00,GBP
TRV-A-000135,Ella Wright,13/07/2026,26/07/2026,2 way Comprehensive Plan,CHINA,25000.00,34.00,GBP
TRV-A-000136,Lily Singh,08/07/2026,02/08/2026,2 way Comprehensive Plan,SINGAPORE,25000.00,22.00,GBP
TRV-A-000137,Siobhan Evans,07/07/2026,10/07/2026,Cancellation Plan,HONG KONG,7500.00,14.00,GBP
TRV-A-000138,Muhammad Adeyemi,28/07/2026,03/08/2026,Cancellation Plan,CHINA,7500.00,15.00,GBP
TRV-A-000139,George Taylor,20/07/2026,06/11/2026,2 way Comprehensive Plan,SINGAPORE,25000.00,20.00,GBP
TRV-A-000140,Priya Taylor,06/07/2026,12/07/2026,Cancellation Plan,CHINA,7500.00,37.00,GBP
TRV-A-000141,Oliver Robinson,23/07/2026,22/08/2026,1 way Comprehensive Plan,JAPAN,25000.00,62.00,GBP
TRV-A-000142,Grace Jones,16/07/2026,21/07/2026,Cancellation Plan,THAILAND,7500.00,22.00,GBP
TRV-A-000143,Grace Singh,05/07/2026,08/08/2026,Cancellation Plan,VIET NAM,7500.00,12.00,GBP
TRV-A-000144,Muhammad Brown,29/07/2026,08/08/2026,2 way Comprehensive Plan,AUSTRALIA,25000.00,42.00,GBP
TRV-A-000145,Wei Okafor,06/07/2026,11/07/2026,2 way Comprehensive Plan,THAILAND,25000.00,20.00,GBP
TRV-A-000146,Priya Walker,14/07/2026,21/07/2026,Cancellation Plan,INDONESIA,7500.00,29.00,GBP
TRV-A-000147,Sophia Thompson,04/07/2026,15/07/2026,Cancellation Plan,INDIA,7500.00,21.00,GBP
TRV-A-000148,Sophia Green,29/07/2026,26/09/2026,Cancellation Plan,SINGAPORE,7500.00,128.00,GBP
TRV-A-000149,Mia Johnson,23/07/2026,03/11/2026,2 way Comprehensive Plan,"TAIWAN, PROVINCE OF CHINA",25000.00,27.00,GBP
TRV-A-000150,Arthur Robinson,18/07/2026,23/08/2026,Cancellation Plan,THAILAND,7500.00,21.00,GBP
